Genotype,DEL.C.1.1,DEL.C.1.2,DEL.C.1.3,DEL.C.1.4,DEL.C.1.5,DEL.C.1.6+,DEL.T.1.1,DEL.T.1.2,DEL.T.1.3,DEL.T.1.4,DEL.T.1.5,DEL.T.1.6+,INS.C.1.0,INS.C.1.1,INS.C.1.2,INS.C.1.3,INS.C.1.4,INS.C.1.5+,INS.T.1.0,INS.T.1.1,INS.T.1.2,INS.T.1.3,INS.T.1.4,INS.T.1.5+,DEL.repeats.2.1,DEL.repeats.2.2,DEL.repeats.2.3,DEL.repeats.2.4,DEL.repeats.2.5,DEL.repeats.2.6+,DEL.repeats.3.1,DEL.repeats.3.2,DEL.repeats.3.3,DEL.repeats.3.4,DEL.repeats.3.5,DEL.repeats.3.6+,DEL.repeats.4.1,DEL.repeats.4.2,DEL.repeats.4.3,DEL.repeats.4.4,DEL.repeats.4.5,DEL.repeats.4.6+,DEL.repeats.5+.1,DEL.repeats.5+.2,DEL.repeats.5+.3,DEL.repeats.5+.4,DEL.repeats.5+.5,DEL.repeats.5+.6+,INS.repeats.2.0,INS.repeats.2.1,INS.repeats.2.2,INS.repeats.2.3,INS.repeats.2.4,INS.repeats.2.5+,INS.repeats.3.0,INS.repeats.3.1,INS.repeats.3.2,INS.repeats.3.3,INS.repeats.3.4,INS.repeats.3.5+,INS.repeats.4.0,INS.repeats.4.1,INS.repeats.4.2,INS.repeats.4.3,INS.repeats.4.4,INS.repeats.4.5+,INS.repeats.5+.0,INS.repeats.5+.1,INS.repeats.5+.2,INS.repeats.5+.3,INS.repeats.5+.4,INS.repeats.5+.5+,DEL.MH.2.1,DEL.MH.3.1,DEL.MH.3.2,DEL.MH.4.1,DEL.MH.4.2,DEL.MH.4.3,DEL.MH.5+.1,DEL.MH.5+.2,DEL.MH.5+.3,DEL.MH.5+.4,DEL.MH.5+.5+
N2,1,0,0,0,0,0,0,0,0,0,1,3,0,0,0,0,0,0,1,0,0,0,0,1,0,0,0,0,0,1,0,0,0,0,0,0,0,0,0,0,0,0,1,0,0,0,0,0,0,0,0,0,0,0,0,0,0,0,0,0,0,0,0,0,0,0,0,0,1,0,0,0,0,0,0,0,0,0,0,0,0,0,0
apn-1,4,0,0,1,0,0,1,0,0,0,1,5,0,0,0,0,0,0,0,0,1,0,1,0,2,0,0,0,0,1,0,0,0,0,0,0,0,0,0,0,0,0,11,0,0,0,0,0,0,1,0,0,0,0,0,0,0,0,0,0,0,0,0,0,0,0,0,0,0,0,0,0,0,0,0,0,0,0,4,0,0,0,0
exo-1,0,1,0,0,0,1,0,0,5,2,1,3,0,0,0,0,0,0,0,0,0,0,0,0,1,0,1,0,0,0,0,0,0,0,0,0,0,0,0,0,0,0,11,0,0,0,0,0,0,0,0,0,0,1,0,0,0,0,0,0,0,0,0,0,0,0,0,0,0,0,0,0,0,0,0,0,0,0,1,0,0,0,0
fan-1,0,0,0,0,0,0,0,0,0,0,1,0,0,0,0,0,0,0,0,0,0,0,0,0,0,0,0,0,1,0,0,0,0,0,0,0,0,0,0,0,0,0,2,0,0,0,0,0,0,0,0,0,0,0,0,0,0,0,0,0,0,0,0,0,0,0,0,0,0,0,0,0,0,0,0,0,0,0,0,0,0,0,0
mlh-1,0,0,0,0,0,0,1,0,0,0,0,3,0,0,0,0,0,0,0,0,0,0,1,4,0,1,0,0,0,1,3,0,0,0,0,0,0,0,0,0,0,0,7,0,0,0,0,0,0,0,0,0,0,0,0,0,0,0,0,0,0,0,0,0,0,0,0,0,0,0,0,0,0,0,0,0,0,0,0,0,0,0,0
msh-2,0,0,0,0,0,0,1,0,0,0,1,1,0,0,0,0,0,1,0,0,1,1,1,1,1,1,0,0,0,0,1,0,0,0,0,1,0,0,0,0,0,0,4,0,0,0,0,0,0,2,0,0,0,0,0,0,0,0,0,0,0,0,0,0,0,0,1,1,0,0,0,0,0,0,0,0,0,0,0,0,0,0,0
msh-6,0,0,0,0,0,0,1,1,1,3,0,1,0,0,0,0,0,0,0,0,0,0,0,3,0,0,0,0,1,0,0,0,0,0,0,0,0,0,0,0,0,0,8,1,0,0,0,0,0,0,0,0,1,2,0,0,0,0,0,0,0,0,0,0,0,0,1,2,0,0,0,0,0,0,0,1,0,0,1,0,0,0,0
pms-2,0,0,1,0,0,0,0,0,1,0,1,1,0,0,0,0,0,0,0,0,0,0,0,2,2,0,0,0,0,0,0,0,0,0,0,0,0,0,0,0,0,0,6,1,0,0,0,0,0,0,0,0,0,0,0,0,0,0,0,0,0,0,0,0,0,0,0,0,0,0,0,0,0,0,0,0,0,0,1,0,0,0,0
polh-1,0,0,0,0,0,0,0,0,0,1,0,0,0,0,0,0,0,0,0,0,0,0,0,1,0,0,0,0,0,0,0,0,0,0,0,0,0,0,0,0,0,0,3,0,0,0,0,0,0,0,0,0,0,0,0,0,0,0,0,0,0,0,0,0,0,0,0,0,0,0,0,0,0,0,0,0,0,0,0,0,0,0,0
polk-1,0,0,1,0,0,0,0,0,1,1,0,1,0,0,0,0,0,0,0,0,0,2,0,3,0,0,0,0,0,0,0,0,0,0,0,0,0,0,0,0,0,0,3,0,0,0,0,0,0,0,0,0,0,0,0,0,0,0,0,0,0,0,0,0,0,0,0,0,1,0,0,0,0,0,0,0,0,0,0,0,0,0,0
rev-3,0,0,0,0,0,0,0,0,1,0,0,2,0,0,0,0,0,0,1,0,0,0,0,2,1,0,0,0,0,1,0,1,0,0,0,0,0,0,0,0,0,0,6,0,0,0,0,0,0,0,0,0,0,0,0,0,0,0,0,0,0,0,0,0,0,0,0,0,0,0,0,0,0,0,0,0,0,0,1,0,0,0,0
xpa-1,0,0,0,0,0,0,0,0,2,0,0,4,0,0,0,0,0,0,0,0,1,0,0,0,0,1,0,0,0,1,0,1,0,0,0,0,0,0,0,0,0,0,32,5,0,0,0,0,0,0,0,0,0,0,0,1,0,0,0,0,0,0,0,0,0,0,2,0,0,0,0,0,0,0,0,0,0,0,5,0,0,0,0
xpc-1,1,0,0,0,0,0,0,0,0,0,0,5,0,0,0,0,0,1,0,0,0,0,0,1,1,1,0,0,0,0,0,0,0,0,0,0,0,0,0,0,0,0,7,0,0,0,0,0,0,0,0,0,0,0,0,0,0,0,0,0,0,0,0,0,0,0,2,0,0,0,0,0,0,0,0,0,0,0,0,0,0,0,0
